-- Seed data exported from production

-- Temporarily disable foreign key constraints
SET session_replication_role = replica;

-- Data for table organizations
TRUNCATE TABLE organizations CASCADE;
INSERT INTO organizations (id, name, created_at, updated_at) VALUES ('0afbc14e-74ab-4e8f-b36f-0927174d9ca8', 'asdfads', '2025-04-18T09:48:56.664023+00:00', '2025-04-18T09:48:56.664023+00:00');
INSERT INTO organizations (id, name, created_at, updated_at) VALUES ('5ef08be5-b373-4222-bb75-a7e832a034c5', 'asdfads', '2025-04-18T09:49:40.139098+00:00', '2025-04-18T09:49:40.139098+00:00');
INSERT INTO organizations (id, name, created_at, updated_at) VALUES ('0ff27091-0856-4fc6-a495-298fc925078b', 'asdfads', '2025-04-18T09:49:52.014387+00:00', '2025-04-18T09:49:52.014387+00:00');
INSERT INTO organizations (id, name, created_at, updated_at) VALUES ('52ee052b-1308-428f-b7f8-8f4eb046312d', 'asdfads', '2025-04-18T09:50:00.257655+00:00', '2025-04-18T09:50:00.257655+00:00');
INSERT INTO organizations (id, name, created_at, updated_at) VALUES ('d8454fce-d4ed-4613-8f84-8079969a5e5b', 'clear', '2025-04-18T09:58:36.943208+00:00', '2025-04-18T09:58:36.943208+00:00');
INSERT INTO organizations (id, name, created_at, updated_at) VALUES ('370eff06-7e37-46bb-8528-497ce44adc2b', 'clear', '2025-04-18T10:00:02.859253+00:00', '2025-04-18T10:00:02.859253+00:00');
INSERT INTO organizations (id, name, created_at, updated_at) VALUES ('e1dd6cd3-9495-44d0-85d3-a7724a5a8aa6', 'clearr', '2025-04-21T16:44:49.602199+00:00', '2025-04-21T16:44:49.602199+00:00');
INSERT INTO organizations (id, name, created_at, updated_at) VALUES ('af5b847e-3588-46eb-897e-9ea07419b5bd', 'asdfasd', '2025-04-21T16:46:38.058608+00:00', '2025-04-21T16:46:38.058608+00:00');
INSERT INTO organizations (id, name, created_at, updated_at) VALUES ('0803a88e-5740-46c2-9a9d-58d2c5f15d71', 'asdfasd', '2025-04-21T16:46:59.891549+00:00', '2025-04-21T16:46:59.891549+00:00');
INSERT INTO organizations (id, name, created_at, updated_at) VALUES ('3fff3cab-6fc5-43f3-ad84-c4c2159e23cc', 'asdfdsfdsa', '2025-05-15T04:49:44.078267+00:00', '2025-05-15T04:49:44.078267+00:00');
INSERT INTO organizations (id, name, created_at, updated_at) VALUES ('5f011a97-344c-4508-91bf-31b3469a7d39', 'Clear Match', '2025-05-16T16:03:03.454519+00:00', '2025-05-16T16:03:03.454519+00:00');
INSERT INTO organizations (id, name, created_at, updated_at) VALUES ('a410ddb1-a7d2-4711-9a97-8aead62bd83a', 'John', '2025-05-16T16:04:16.028324+00:00', '2025-05-16T16:04:16.028324+00:00');
INSERT INTO organizations (id, name, created_at, updated_at) VALUES ('e22303ae-1a4f-479b-aa8e-39bc67b3aecc', 'John', '2025-05-16T16:05:34.178155+00:00', '2025-05-16T16:05:34.178155+00:00');
INSERT INTO organizations (id, name, created_at, updated_at) VALUES ('e98d7895-36c0-4029-adf4-8db1d5b25aae', 'Clear Match Talent ', '2025-05-17T00:42:28.54364+00:00', '2025-05-17T00:42:28.54364+00:00');
INSERT INTO organizations (id, name, created_at, updated_at) VALUES ('9fae5ee0-6669-4f23-9d66-6c47f315aa14', 'Clear Match', '2025-05-23T03:01:36.450807+00:00', '2025-05-23T03:01:36.450807+00:00');
INSERT INTO organizations (id, name, created_at, updated_at) VALUES ('317a2937-d91e-4012-b213-f8994706f426', 'Clear Match', '2025-05-23T03:01:46.751154+00:00', '2025-05-23T03:01:46.751154+00:00');
INSERT INTO organizations (id, name, created_at, updated_at) VALUES ('22d63844-507b-4cae-a627-86e984e0c938', 'Clear Match Talent - Dylan', '2025-05-27T03:25:21.246393+00:00', '2025-05-27T03:25:21.246393+00:00');
INSERT INTO organizations (id, name, created_at, updated_at) VALUES ('0a2b0498-0e2f-473b-a4a2-286813c6088e', 'asdf', '2025-05-27T06:46:46.613186+00:00', '2025-05-27T06:46:46.613186+00:00');
INSERT INTO organizations (id, name, created_at, updated_at) VALUES ('2aa2e164-9310-4e85-94b3-17bd68647ab0', 'asdf', '2025-05-27T06:47:27.998619+00:00', '2025-05-27T06:47:27.998619+00:00');
INSERT INTO organizations (id, name, created_at, updated_at) VALUES ('262eda0a-ecac-4b70-a2b4-712e9a3f5d26', 'John', '2025-05-27T16:55:02.583505+00:00', '2025-05-27T16:55:02.583505+00:00');
INSERT INTO organizations (id, name, created_at, updated_at) VALUES ('d5d0fcbc-0493-4c7a-a84d-b97096f2a19b', 'John', '2025-05-27T16:55:38.618317+00:00', '2025-05-27T16:55:38.618317+00:00');
INSERT INTO organizations (id, name, created_at, updated_at) VALUES ('8ced86f4-5cad-4b2a-a569-f573df9c3a33', 'clearMatch', '2025-05-27T17:29:07.685883+00:00', '2025-05-27T17:29:07.685883+00:00');
INSERT INTO organizations (id, name, created_at, updated_at) VALUES ('d914f9c5-77fb-43dc-8e9b-dbbae7b1703d', 'Clear Match Talent', '2025-05-27T19:16:11.507843+00:00', '2025-05-27T19:16:11.507843+00:00');
INSERT INTO organizations (id, name, created_at, updated_at) VALUES ('01290257-909d-4a2b-98d3-1b67574b67a7', 'Dyl', '2025-06-01T20:35:31.499129+00:00', '2025-06-01T20:35:31.499129+00:00');
INSERT INTO organizations (id, name, created_at, updated_at) VALUES ('387aaf88-6963-4d5d-aed9-5d1619504102', 'clear match talent', '2025-06-09T20:44:06.892811+00:00', '2025-06-09T20:44:06.892811+00:00');

-- Data for table profiles
TRUNCATE TABLE profiles CASCADE;
INSERT INTO profiles (id, organization_id, first_name, last_name, role, created_at, updated_at) VALUES ('10c563b3-023a-4cd3-870b-ef412b1e610e', '3fff3cab-6fc5-43f3-ad84-c4c2159e23cc', 'asdfdsa', 'asdfas', 'admin', '2025-05-15T04:49:45.793255+00:00', '2025-05-15T04:49:45.793255+00:00');
INSERT INTO profiles (id, organization_id, first_name, last_name, role, created_at, updated_at) VALUES ('0ad67db3-e8d3-486b-a086-a085e063bebd', 'e22303ae-1a4f-479b-aa8e-39bc67b3aecc', 'John', 'Costa', 'admin', '2025-05-16T16:05:35.838474+00:00', '2025-05-16T16:05:35.838474+00:00');
INSERT INTO profiles (id, organization_id, first_name, last_name, role, created_at, updated_at) VALUES ('373101b3-e428-46de-8bdc-c0a9de6cc785', 'e98d7895-36c0-4029-adf4-8db1d5b25aae', 'Sam', 'Kwong', 'admin', '2025-05-17T00:42:30.308845+00:00', '2025-05-17T00:42:30.308845+00:00');
INSERT INTO profiles (id, organization_id, first_name, last_name, role, created_at, updated_at) VALUES ('ce63839f-07f0-43db-b7e2-0c75de2bea20', '8ced86f4-5cad-4b2a-a569-f573df9c3a33', 'Mayur', 'Gadge', 'admin', '2025-05-27T17:29:11.255486+00:00', '2025-05-27T17:29:11.255486+00:00');
INSERT INTO profiles (id, organization_id, first_name, last_name, role, created_at, updated_at) VALUES ('d08afd15-4399-4f1c-8278-210b993543a5', 'd914f9c5-77fb-43dc-8e9b-dbbae7b1703d', 'Deepak', 'Patel', 'admin', '2025-05-27T19:16:14.186398+00:00', '2025-05-27T19:16:14.186398+00:00');
INSERT INTO profiles (id, organization_id, first_name, last_name, role, created_at, updated_at) VALUES ('a6cb0b2d-af81-4f5f-aba8-5ed50c03e122', '01290257-909d-4a2b-98d3-1b67574b67a7', 'D', 'G', 'admin', '2025-06-01T20:35:32.974568+00:00', '2025-06-01T20:35:32.974568+00:00');
INSERT INTO profiles (id, organization_id, first_name, last_name, role, created_at, updated_at) VALUES ('2e51f821-57c9-4fba-a0b0-196e25355da6', '387aaf88-6963-4d5d-aed9-5d1619504102', 'Amanda', 'Keay', 'admin', '2025-06-09T20:44:08.681811+00:00', '2025-06-09T20:44:08.681811+00:00');

-- Data for table contacts
TRUNCATE TABLE contacts CASCADE;
INSERT INTO contacts (id, organization_id, first_name, last_name, personal_email, work_email, phone, linkedin_url, github_url, other_social_urls, resume_url, contact_type, functional_role, current_location, current_job_title, past_job_titles, current_industry, past_industries, tech_stack, compensation_expectations, current_company, past_companies, current_company_size, past_company_sizes, must_haves, schools, workplace_preferences, urgency_level, is_active_looking, motivation_factors, employment_status, visa_requirements, nurturing_info, created_at, updated_at, created_by, updated_by, level_of_connection, years_of_experience, engagement_score) VALUES ('522017da-2d0c-44be-9454-f6f4ffb12a71', NULL, 'Deepak', 'Patel', 'adgujjar211@gmail.com', 'deepak.patel@dddd.com', '98989898', NULL, NULL, NULL, NULL, NULL, 'Test', '{"location": "India"}'::json, 'Software Developer', NULL, NULL, NULL, NULL, NULL, 'XYZ Technologies', NULL, '25', NULL, NULL, NULL, NULL, NULL, FALSE, NULL, NULL, NULL, NULL, '2025-06-02T18:56:30.811845+00:00', '2025-06-02T18:56:30.811845+00:00', NULL, NULL, NULL, NULL, NULL);
INSERT INTO contacts (id, organization_id, first_name, last_name, personal_email, work_email, phone, linkedin_url, github_url, other_social_urls, resume_url, contact_type, functional_role, current_location, current_job_title, past_job_titles, current_industry, past_industries, tech_stack, compensation_expectations, current_company, past_companies, current_company_size, past_company_sizes, must_haves, schools, workplace_preferences, urgency_level, is_active_looking, motivation_factors, employment_status, visa_requirements, nurturing_info, created_at, updated_at, created_by, updated_by, level_of_connection, years_of_experience, engagement_score) VALUES ('1ee7b3be-a4c5-49a8-9c22-4dc49692f90a', NULL, 'Deepak', 'Patel', 'adgujjar211@gmail.com', 'deepak.patel@tudip.com', '9109059785', NULL, NULL, NULL, NULL, NULL, NULL, NULL, 'Software Developer', NULL, NULL, NULL, NULL, NULL, 'XYZ Technologies', NULL, '25', NULL, NULL, NULL, NULL, NULL, FALSE, NULL, NULL, NULL, NULL, '2025-06-02T18:57:13.828359+00:00', '2025-06-02T18:57:13.828359+00:00', NULL, NULL, NULL, NULL, NULL);
INSERT INTO contacts (id, organization_id, first_name, last_name, personal_email, work_email, phone, linkedin_url, github_url, other_social_urls, resume_url, contact_type, functional_role, current_location, current_job_title, past_job_titles, current_industry, past_industries, tech_stack, compensation_expectations, current_company, past_companies, current_company_size, past_company_sizes, must_haves, schools, workplace_preferences, urgency_level, is_active_looking, motivation_factors, employment_status, visa_requirements, nurturing_info, created_at, updated_at, created_by, updated_by, level_of_connection, years_of_experience, engagement_score) VALUES ('57317109-403f-463c-a8ab-1311b79b8833', NULL, 'Deepak', 'Patel', 'adgujjar211@gmail.com', 'deepak.patel@rrrr.com', '9109059785', NULL, NULL, NULL, NULL, NULL, NULL, NULL, 'Software Developer', NULL, NULL, NULL, NULL, NULL, 'XYZ Technologies', NULL, '25', NULL, NULL, NULL, NULL, NULL, FALSE, NULL, NULL, NULL, NULL, '2025-06-02T19:21:49.262901+00:00', '2025-06-02T19:21:49.262901+00:00', NULL, NULL, NULL, NULL, NULL);
INSERT INTO contacts (id, organization_id, first_name, last_name, personal_email, work_email, phone, linkedin_url, github_url, other_social_urls, resume_url, contact_type, functional_role, current_location, current_job_title, past_job_titles, current_industry, past_industries, tech_stack, compensation_expectations, current_company, past_companies, current_company_size, past_company_sizes, must_haves, schools, workplace_preferences, urgency_level, is_active_looking, motivation_factors, employment_status, visa_requirements, nurturing_info, created_at, updated_at, created_by, updated_by, level_of_connection, years_of_experience, engagement_score) VALUES ('336643e2-444b-43a7-ba39-274ae6213d9f', NULL, 'Deepak', 'Patel', 'adgujjar211@gmail.com', 'deepak.patel@wer.com', '9109059785', NULL, NULL, NULL, NULL, NULL, 'Test', '{"location": "India"}'::json, 'Software Developer', NULL, NULL, NULL, NULL, NULL, 'XYZ Technologies', NULL, '25', NULL, NULL, NULL, NULL, NULL, FALSE, NULL, NULL, NULL, NULL, '2025-06-02T19:26:24.269696+00:00', '2025-06-02T19:26:24.269696+00:00', NULL, NULL, NULL, NULL, NULL);
INSERT INTO contacts (id, organization_id, first_name, last_name, personal_email, work_email, phone, linkedin_url, github_url, other_social_urls, resume_url, contact_type, functional_role, current_location, current_job_title, past_job_titles, current_industry, past_industries, tech_stack, compensation_expectations, current_company, past_companies, current_company_size, past_company_sizes, must_haves, schools, workplace_preferences, urgency_level, is_active_looking, motivation_factors, employment_status, visa_requirements, nurturing_info, created_at, updated_at, created_by, updated_by, level_of_connection, years_of_experience, engagement_score) VALUES ('3ed86469-fb23-45f0-a294-653e9bf8b19a', NULL, 'Ram', 'Patel', 'adgujjar211@gmail.com', 'deepak.patel@tudip.com', '+919109059785', NULL, NULL, NULL, NULL, NULL, '', NULL, '', NULL, NULL, NULL, NULL, NULL, '', NULL, '', NULL, NULL, NULL, NULL, NULL, FALSE, NULL, NULL, NULL, NULL, '2025-05-30T18:15:30.015111+00:00', '2025-06-03T20:40:19.45358+00:00', NULL, NULL, NULL, NULL, NULL);
INSERT INTO contacts (id, organization_id, first_name, last_name, personal_email, work_email, phone, linkedin_url, github_url, other_social_urls, resume_url, contact_type, functional_role, current_location, current_job_title, past_job_titles, current_industry, past_industries, tech_stack, compensation_expectations, current_company, past_companies, current_company_size, past_company_sizes, must_haves, schools, workplace_preferences, urgency_level, is_active_looking, motivation_factors, employment_status, visa_requirements, nurturing_info, created_at, updated_at, created_by, updated_by, level_of_connection, years_of_experience, engagement_score) VALUES ('8828c817-40c6-4f1d-aa28-d238dfcfc5b7', NULL, 'Deepak', 'Patel', 'asdasd@asd.com', 'deepak.patel@asdasd.com', '9109059785', NULL, NULL, NULL, NULL, NULL, '', '{"location": "India"}'::json, '', NULL, NULL, NULL, NULL, NULL, 'XYZ Technologies', NULL, '', NULL, NULL, NULL, NULL, NULL, FALSE, NULL, NULL, NULL, NULL, '2025-06-05T19:02:57.149737+00:00', '2025-06-05T19:02:57.149737+00:00', NULL, NULL, NULL, NULL, NULL);
INSERT INTO contacts (id, organization_id, first_name, last_name, personal_email, work_email, phone, linkedin_url, github_url, other_social_urls, resume_url, contact_type, functional_role, current_location, current_job_title, past_job_titles, current_industry, past_industries, tech_stack, compensation_expectations, current_company, past_companies, current_company_size, past_company_sizes, must_haves, schools, workplace_preferences, urgency_level, is_active_looking, motivation_factors, employment_status, visa_requirements, nurturing_info, created_at, updated_at, created_by, updated_by, level_of_connection, years_of_experience, engagement_score) VALUES ('dec87093-2253-4b31-a783-08f035a152aa', NULL, 'John The man', 'Costa', 'costajohnt@gmail.com', 'john@clearmatchtalent.com', '12012139855', NULL, NULL, NULL, NULL, NULL, '', NULL, 'CTO', NULL, NULL, NULL, NULL, NULL, 'Clear Match', NULL, '', NULL, NULL, NULL, NULL, NULL, FALSE, NULL, NULL, NULL, NULL, '2025-06-03T16:12:25.129595+00:00', '2025-06-05T20:13:11.537961+00:00', NULL, NULL, NULL, NULL, NULL);
INSERT INTO contacts (id, organization_id, first_name, last_name, personal_email, work_email, phone, linkedin_url, github_url, other_social_urls, resume_url, contact_type, functional_role, current_location, current_job_title, past_job_titles, current_industry, past_industries, tech_stack, compensation_expectations, current_company, past_companies, current_company_size, past_company_sizes, must_haves, schools, workplace_preferences, urgency_level, is_active_looking, motivation_factors, employment_status, visa_requirements, nurturing_info, created_at, updated_at, created_by, updated_by, level_of_connection, years_of_experience, engagement_score) VALUES ('f2db990d-7f3f-4277-bc35-3fc25a2893b8', NULL, 'Deepak', 'Patel', 'asdf@gmail.com', 'asdasd.patel@tudip.com', '9109059785', NULL, NULL, NULL, NULL, NULL, '', NULL, '', NULL, NULL, NULL, NULL, NULL, 'XYZ Technologies', NULL, '', NULL, NULL, NULL, NULL, NULL, FALSE, NULL, NULL, NULL, NULL, '2025-06-05T18:59:57.069705+00:00', '2025-06-05T20:15:06.722159+00:00', NULL, NULL, NULL, NULL, NULL);
INSERT INTO contacts (id, organization_id, first_name, last_name, personal_email, work_email, phone, linkedin_url, github_url, other_social_urls, resume_url, contact_type, functional_role, current_location, current_job_title, past_job_titles, current_industry, past_industries, tech_stack, compensation_expectations, current_company, past_companies, current_company_size, past_company_sizes, must_haves, schools, workplace_preferences, urgency_level, is_active_looking, motivation_factors, employment_status, visa_requirements, nurturing_info, created_at, updated_at, created_by, updated_by, level_of_connection, years_of_experience, engagement_score) VALUES ('9bbd5137-639f-4af1-a13e-768e96dc6406', NULL, 'Ninja', 'Test', 'asdasd@gmail.com', 'deepak.patel@sdsad.com', '9109059785', NULL, NULL, NULL, NULL, NULL, '', '{"location": "India"}'::json, '', NULL, NULL, NULL, NULL, NULL, 'XYZ Technologies', NULL, '', NULL, NULL, NULL, NULL, NULL, FALSE, NULL, NULL, NULL, NULL, '2025-06-05T18:58:55.432463+00:00', '2025-06-05T20:15:30.687088+00:00', NULL, NULL, NULL, NULL, NULL);
INSERT INTO contacts (id, organization_id, first_name, last_name, personal_email, work_email, phone, linkedin_url, github_url, other_social_urls, resume_url, contact_type, functional_role, current_location, current_job_title, past_job_titles, current_industry, past_industries, tech_stack, compensation_expectations, current_company, past_companies, current_company_size, past_company_sizes, must_haves, schools, workplace_preferences, urgency_level, is_active_looking, motivation_factors, employment_status, visa_requirements, nurturing_info, created_at, updated_at, created_by, updated_by, level_of_connection, years_of_experience, engagement_score) VALUES ('9ea9509a-ae9f-4ba8-b165-0e25a6c211e8', NULL, 'Test two', 'Test', 'asdasd@gmail.com', 'asdasd.patel@tudip.com', '9109059785', NULL, NULL, NULL, NULL, NULL, '', '{"location": "India"}'::json, '', NULL, NULL, NULL, NULL, NULL, 'XYZ Technologies', NULL, '', NULL, NULL, NULL, NULL, NULL, FALSE, NULL, NULL, NULL, NULL, '2025-06-05T19:00:40.732304+00:00', '2025-06-05T20:24:19.998878+00:00', NULL, NULL, NULL, NULL, NULL);
INSERT INTO contacts (id, organization_id, first_name, last_name, personal_email, work_email, phone, linkedin_url, github_url, other_social_urls, resume_url, contact_type, functional_role, current_location, current_job_title, past_job_titles, current_industry, past_industries, tech_stack, compensation_expectations, current_company, past_companies, current_company_size, past_company_sizes, must_haves, schools, workplace_preferences, urgency_level, is_active_looking, motivation_factors, employment_status, visa_requirements, nurturing_info, created_at, updated_at, created_by, updated_by, level_of_connection, years_of_experience, engagement_score) VALUES ('1e2bf00d-76fa-44e1-b04e-bb6c57fa488b', NULL, 'Dilip', 'Patel', 'asd@gmail.com', 'asd.patel@tudip.com', '9109059785', NULL, NULL, NULL, NULL, NULL, '', NULL, '', NULL, NULL, NULL, NULL, NULL, 'XYZ Technologies', NULL, '', NULL, NULL, NULL, NULL, NULL, FALSE, NULL, NULL, NULL, NULL, '2025-06-05T18:57:53.36689+00:00', '2025-06-05T20:24:48.039423+00:00', NULL, NULL, NULL, NULL, NULL);
INSERT INTO contacts (id, organization_id, first_name, last_name, personal_email, work_email, phone, linkedin_url, github_url, other_social_urls, resume_url, contact_type, functional_role, current_location, current_job_title, past_job_titles, current_industry, past_industries, tech_stack, compensation_expectations, current_company, past_companies, current_company_size, past_company_sizes, must_haves, schools, workplace_preferences, urgency_level, is_active_looking, motivation_factors, employment_status, visa_requirements, nurturing_info, created_at, updated_at, created_by, updated_by, level_of_connection, years_of_experience, engagement_score) VALUES ('bf26ee8f-d850-41bb-acab-675e16ebb8f7', NULL, 'mayur', 'mayur', 'test@gmail.com', 'mnhbgwvc@gmail.com', '1212121212', NULL, NULL, NULL, NULL, 'candidate', '', '{"location": "fds"}'::json, '', NULL, NULL, NULL, NULL, '2'::json, 'sdc', NULL, '11-50', ARRAY['11-50'], NULL, NULL, '{"value": "remote"}'::json, 'exploratory_networking', FALSE, NULL, '', 'true'::json, NULL, '2025-06-17T19:49:09.432568+00:00', '2025-06-17T19:49:09.432568+00:00', 'ce63839f-07f0-43db-b7e2-0c75de2bea20', NULL, NULL, NULL, NULL);
INSERT INTO contacts (id, organization_id, first_name, last_name, personal_email, work_email, phone, linkedin_url, github_url, other_social_urls, resume_url, contact_type, functional_role, current_location, current_job_title, past_job_titles, current_industry, past_industries, tech_stack, compensation_expectations, current_company, past_companies, current_company_size, past_company_sizes, must_haves, schools, workplace_preferences, urgency_level, is_active_looking, motivation_factors, employment_status, visa_requirements, nurturing_info, created_at, updated_at, created_by, updated_by, level_of_connection, years_of_experience, engagement_score) VALUES ('e11fc247-8915-4857-848f-3996e5dd6b94', NULL, 'Test 3', 'Test', 'adgujjar211@gmail.com', 'deepak.patel@rrrr.com', '9109059785', NULL, NULL, NULL, NULL, NULL, '', '{"location": "India"}'::json, '', NULL, NULL, NULL, NULL, NULL, 'XYZ Technologies', NULL, '', NULL, NULL, NULL, NULL, NULL, FALSE, NULL, NULL, NULL, NULL, '2025-06-05T19:02:36.088668+00:00', '2025-06-05T20:39:40.845003+00:00', NULL, NULL, NULL, NULL, NULL);
INSERT INTO contacts (id, organization_id, first_name, last_name, personal_email, work_email, phone, linkedin_url, github_url, other_social_urls, resume_url, contact_type, functional_role, current_location, current_job_title, past_job_titles, current_industry, past_industries, tech_stack, compensation_expectations, current_company, past_companies, current_company_size, past_company_sizes, must_haves, schools, workplace_preferences, urgency_level, is_active_looking, motivation_factors, employment_status, visa_requirements, nurturing_info, created_at, updated_at, created_by, updated_by, level_of_connection, years_of_experience, engagement_score) VALUES ('54903ecb-3dd2-4d5c-8d66-b4875ba6036e', NULL, 'Deepak', 'Patel', 'test@gmail.com', 'test@tudip.com', '9109059785', NULL, NULL, NULL, NULL, NULL, '', '{"location": "India"}'::json, '', NULL, NULL, NULL, NULL, NULL, 'XYZ Technologies', NULL, '', NULL, NULL, NULL, NULL, NULL, FALSE, NULL, NULL, NULL, NULL, '2025-06-05T21:05:27.101002+00:00', '2025-06-05T21:05:27.101002+00:00', NULL, NULL, NULL, NULL, NULL);
INSERT INTO contacts (id, organization_id, first_name, last_name, personal_email, work_email, phone, linkedin_url, github_url, other_social_urls, resume_url, contact_type, functional_role, current_location, current_job_title, past_job_titles, current_industry, past_industries, tech_stack, compensation_expectations, current_company, past_companies, current_company_size, past_company_sizes, must_haves, schools, workplace_preferences, urgency_level, is_active_looking, motivation_factors, employment_status, visa_requirements, nurturing_info, created_at, updated_at, created_by, updated_by, level_of_connection, years_of_experience, engagement_score) VALUES ('9608b6f0-165a-46af-af2e-088afc4c8761', NULL, 'Test 2', 'Test 2', 'adgujjar211@rrr.com', 'deepak.patel@rrr.com', '9109059785', NULL, NULL, NULL, NULL, NULL, '', '{"location": "India"}'::json, '', NULL, NULL, NULL, NULL, NULL, 'XYZ Technologies', NULL, '', NULL, NULL, NULL, NULL, NULL, FALSE, NULL, NULL, NULL, NULL, '2025-06-05T18:55:37.346066+00:00', '2025-06-05T18:55:37.346066+00:00', NULL, NULL, NULL, NULL, NULL);
INSERT INTO contacts (id, organization_id, first_name, last_name, personal_email, work_email, phone, linkedin_url, github_url, other_social_urls, resume_url, contact_type, functional_role, current_location, current_job_title, past_job_titles, current_industry, past_industries, tech_stack, compensation_expectations, current_company, past_companies, current_company_size, past_company_sizes, must_haves, schools, workplace_preferences, urgency_level, is_active_looking, motivation_factors, employment_status, visa_requirements, nurturing_info, created_at, updated_at, created_by, updated_by, level_of_connection, years_of_experience, engagement_score) VALUES ('38b992d8-f634-4df6-80ea-096d507034b8', NULL, 'Test 3', 'Test 3', 'adgujjar211@gmail.com', 'deepak.patel@wqed.com', '9109059785', NULL, NULL, NULL, NULL, NULL, '', '{"location": "India"}'::json, '', NULL, NULL, NULL, NULL, NULL, 'XYZ Technologies', NULL, '', NULL, NULL, NULL, NULL, NULL, FALSE, NULL, NULL, NULL, NULL, '2025-06-05T18:56:07.597165+00:00', '2025-06-05T18:56:07.597165+00:00', NULL, NULL, NULL, NULL, NULL);
INSERT INTO contacts (id, organization_id, first_name, last_name, personal_email, work_email, phone, linkedin_url, github_url, other_social_urls, resume_url, contact_type, functional_role, current_location, current_job_title, past_job_titles, current_industry, past_industries, tech_stack, compensation_expectations, current_company, past_companies, current_company_size, past_company_sizes, must_haves, schools, workplace_preferences, urgency_level, is_active_looking, motivation_factors, employment_status, visa_requirements, nurturing_info, created_at, updated_at, created_by, updated_by, level_of_connection, years_of_experience, engagement_score) VALUES ('eda15a9f-d9f8-42d7-8387-8a5de51947c9', NULL, 'Deepak', 'Patel', 'adgujjar211@gmail.com', 'deepak.patel@tudip.com', '9109059785', NULL, NULL, NULL, NULL, NULL, '', '{"location": "India"}'::json, '', NULL, NULL, NULL, NULL, NULL, 'XYZ Technologies', NULL, '', NULL, NULL, NULL, NULL, NULL, FALSE, NULL, NULL, NULL, NULL, '2025-06-05T18:56:26.696227+00:00', '2025-06-05T18:56:26.696227+00:00', NULL, NULL, NULL, NULL, NULL);
INSERT INTO contacts (id, organization_id, first_name, last_name, personal_email, work_email, phone, linkedin_url, github_url, other_social_urls, resume_url, contact_type, functional_role, current_location, current_job_title, past_job_titles, current_industry, past_industries, tech_stack, compensation_expectations, current_company, past_companies, current_company_size, past_company_sizes, must_haves, schools, workplace_preferences, urgency_level, is_active_looking, motivation_factors, employment_status, visa_requirements, nurturing_info, created_at, updated_at, created_by, updated_by, level_of_connection, years_of_experience, engagement_score) VALUES ('d5977a34-01d8-45e1-83bf-ede63516673d', NULL, 'Test 5', 'Test 5', 'adasdads@sdf.com', 'asd.patel@tudip.com', '9109059785', NULL, NULL, NULL, NULL, NULL, '', '{"location": "India"}'::json, '', NULL, NULL, NULL, NULL, NULL, 'XYZ Technologies', NULL, '', NULL, NULL, NULL, NULL, NULL, FALSE, NULL, NULL, NULL, NULL, '2025-06-05T18:57:14.93905+00:00', '2025-06-05T18:57:14.93905+00:00', NULL, NULL, NULL, NULL, NULL);
INSERT INTO contacts (id, organization_id, first_name, last_name, personal_email, work_email, phone, linkedin_url, github_url, other_social_urls, resume_url, contact_type, functional_role, current_location, current_job_title, past_job_titles, current_industry, past_industries, tech_stack, compensation_expectations, current_company, past_companies, current_company_size, past_company_sizes, must_haves, schools, workplace_preferences, urgency_level, is_active_looking, motivation_factors, employment_status, visa_requirements, nurturing_info, created_at, updated_at, created_by, updated_by, level_of_connection, years_of_experience, engagement_score) VALUES ('b61021e6-cfda-4ef1-8105-fdf46c6c25f6', NULL, 'asdfasdf', 'asdf', 'asdasf@gmail.com', 'saD.patel@tudip.com', '9109059785', NULL, NULL, NULL, NULL, NULL, '', '{"location": "India"}'::json, '', NULL, NULL, NULL, NULL, NULL, 'XYZ Technologies', NULL, '', NULL, NULL, NULL, NULL, NULL, FALSE, NULL, NULL, NULL, NULL, '2025-06-05T18:58:12.064589+00:00', '2025-06-05T18:58:12.064589+00:00', NULL, NULL, NULL, NULL, NULL);
INSERT INTO contacts (id, organization_id, first_name, last_name, personal_email, work_email, phone, linkedin_url, github_url, other_social_urls, resume_url, contact_type, functional_role, current_location, current_job_title, past_job_titles, current_industry, past_industries, tech_stack, compensation_expectations, current_company, past_companies, current_company_size, past_company_sizes, must_haves, schools, workplace_preferences, urgency_level, is_active_looking, motivation_factors, employment_status, visa_requirements, nurturing_info, created_at, updated_at, created_by, updated_by, level_of_connection, years_of_experience, engagement_score) VALUES ('5b8cf40d-7d45-46e1-a47d-4acb93d5bcbb', NULL, 'Asdasd', 'asdasd', 'asdasd@g.co', 'deepak.patel@tudip.com', '9109059785', NULL, NULL, NULL, NULL, NULL, '', '{"location": "India"}'::json, '', NULL, NULL, NULL, NULL, NULL, 'XYZ Technologies', NULL, '', NULL, NULL, NULL, NULL, NULL, FALSE, NULL, NULL, NULL, NULL, '2025-06-05T18:58:33.25795+00:00', '2025-06-05T18:58:33.25795+00:00', NULL, NULL, NULL, NULL, NULL);
INSERT INTO contacts (id, organization_id, first_name, last_name, personal_email, work_email, phone, linkedin_url, github_url, other_social_urls, resume_url, contact_type, functional_role, current_location, current_job_title, past_job_titles, current_industry, past_industries, tech_stack, compensation_expectations, current_company, past_companies, current_company_size, past_company_sizes, must_haves, schools, workplace_preferences, urgency_level, is_active_looking, motivation_factors, employment_status, visa_requirements, nurturing_info, created_at, updated_at, created_by, updated_by, level_of_connection, years_of_experience, engagement_score) VALUES ('91aa0d07-9ef3-4290-a0f9-e475fdd330fd', NULL, 'dzcdsf', 'sdf', 'sdfsdf@gmail.com', 'deepak.patel@sdfsdf.com', '9109059785', NULL, NULL, NULL, NULL, NULL, '', '{"location": "India"}'::json, '', NULL, NULL, NULL, NULL, NULL, 'XYZ Technologies', NULL, '', NULL, NULL, NULL, NULL, NULL, FALSE, NULL, NULL, NULL, NULL, '2025-06-05T18:59:35.038085+00:00', '2025-06-05T18:59:35.038085+00:00', NULL, NULL, NULL, NULL, NULL);
INSERT INTO contacts (id, organization_id, first_name, last_name, personal_email, work_email, phone, linkedin_url, github_url, other_social_urls, resume_url, contact_type, functional_role, current_location, current_job_title, past_job_titles, current_industry, past_industries, tech_stack, compensation_expectations, current_company, past_companies, current_company_size, past_company_sizes, must_haves, schools, workplace_preferences, urgency_level, is_active_looking, motivation_factors, employment_status, visa_requirements, nurturing_info, created_at, updated_at, created_by, updated_by, level_of_connection, years_of_experience, engagement_score) VALUES ('02bd3f61-7417-4438-b4bf-96e2897acac4', NULL, 'asdfas', 'Patel', 'asdasd@gmail.com', 'deepak.asd@tudip.com', '9109059785', NULL, NULL, NULL, NULL, NULL, '', '{"location": "India"}'::json, '', NULL, NULL, NULL, NULL, NULL, 'XYZ Technologies', NULL, '', NULL, NULL, NULL, NULL, NULL, FALSE, NULL, NULL, NULL, NULL, '2025-06-05T19:00:18.684283+00:00', '2025-06-05T19:00:18.684283+00:00', NULL, NULL, NULL, NULL, NULL);
INSERT INTO contacts (id, organization_id, first_name, last_name, personal_email, work_email, phone, linkedin_url, github_url, other_social_urls, resume_url, contact_type, functional_role, current_location, current_job_title, past_job_titles, current_industry, past_industries, tech_stack, compensation_expectations, current_company, past_companies, current_company_size, past_company_sizes, must_haves, schools, workplace_preferences, urgency_level, is_active_looking, motivation_factors, employment_status, visa_requirements, nurturing_info, created_at, updated_at, created_by, updated_by, level_of_connection, years_of_experience, engagement_score) VALUES ('243ef434-50ac-4417-b8c5-c37fdf2d0610', NULL, 'asdasd', 'Patel', 'adgujjar211@gmail.com', 'asdasd.patel@tudip.com', '9109059785', NULL, NULL, NULL, NULL, NULL, '', '{"location": "India"}'::json, '', NULL, NULL, NULL, NULL, NULL, 'XYZ Technologies', NULL, '', NULL, NULL, NULL, NULL, NULL, FALSE, NULL, NULL, NULL, NULL, '2025-06-05T19:01:02.245803+00:00', '2025-06-05T19:01:02.245803+00:00', NULL, NULL, NULL, NULL, NULL);
INSERT INTO contacts (id, organization_id, first_name, last_name, personal_email, work_email, phone, linkedin_url, github_url, other_social_urls, resume_url, contact_type, functional_role, current_location, current_job_title, past_job_titles, current_industry, past_industries, tech_stack, compensation_expectations, current_company, past_companies, current_company_size, past_company_sizes, must_haves, schools, workplace_preferences, urgency_level, is_active_looking, motivation_factors, employment_status, visa_requirements, nurturing_info, created_at, updated_at, created_by, updated_by, level_of_connection, years_of_experience, engagement_score) VALUES ('6bc8ecfc-99dd-4314-b9f4-6f3bf6becd12', NULL, 'asdasd', 'Patel', 'asdasd@gmail.com', 'deepak.asdasd@tudip.com', '9109059785', NULL, NULL, NULL, NULL, NULL, '', '{"location": "India"}'::json, '', NULL, NULL, NULL, NULL, NULL, 'XYZ Technologies', NULL, '', NULL, NULL, NULL, NULL, NULL, FALSE, NULL, NULL, NULL, NULL, '2025-06-05T19:01:21.511949+00:00', '2025-06-05T19:01:21.511949+00:00', NULL, NULL, NULL, NULL, NULL);
INSERT INTO contacts (id, organization_id, first_name, last_name, personal_email, work_email, phone, linkedin_url, github_url, other_social_urls, resume_url, contact_type, functional_role, current_location, current_job_title, past_job_titles, current_industry, past_industries, tech_stack, compensation_expectations, current_company, past_companies, current_company_size, past_company_sizes, must_haves, schools, workplace_preferences, urgency_level, is_active_looking, motivation_factors, employment_status, visa_requirements, nurturing_info, created_at, updated_at, created_by, updated_by, level_of_connection, years_of_experience, engagement_score) VALUES ('42c9fa35-5719-4d0f-8fee-0630507930df', NULL, 'asdasd', 'Patel', 'adgujjar211@gmail.com', 'deepak.patel@tudip.com', '+919109059785', NULL, NULL, NULL, NULL, NULL, '', '{"location": "India"}'::json, '', NULL, NULL, NULL, NULL, NULL, 'XYZ Technologies', NULL, '', NULL, NULL, NULL, NULL, NULL, FALSE, NULL, NULL, NULL, NULL, '2025-06-05T19:01:39.667247+00:00', '2025-06-05T19:01:39.667247+00:00', NULL, NULL, NULL, NULL, NULL);
INSERT INTO contacts (id, organization_id, first_name, last_name, personal_email, work_email, phone, linkedin_url, github_url, other_social_urls, resume_url, contact_type, functional_role, current_location, current_job_title, past_job_titles, current_industry, past_industries, tech_stack, compensation_expectations, current_company, past_companies, current_company_size, past_company_sizes, must_haves, schools, workplace_preferences, urgency_level, is_active_looking, motivation_factors, employment_status, visa_requirements, nurturing_info, created_at, updated_at, created_by, updated_by, level_of_connection, years_of_experience, engagement_score) VALUES ('79d7c7cc-5957-45fe-bf09-4b7be4643bc5', NULL, 'sadasd', 'asdasd', 'adgujjar211@asdasd.com', 'deepak.asdasd@tudip.com', '9109059785', NULL, NULL, NULL, NULL, NULL, '', '{"location": "India"}'::json, '', NULL, NULL, NULL, NULL, NULL, 'XYZ Technologies', NULL, '', NULL, NULL, NULL, NULL, NULL, FALSE, NULL, NULL, NULL, NULL, '2025-06-05T19:02:00.928507+00:00', '2025-06-05T19:02:00.928507+00:00', NULL, NULL, NULL, NULL, NULL);
INSERT INTO contacts (id, organization_id, first_name, last_name, personal_email, work_email, phone, linkedin_url, github_url, other_social_urls, resume_url, contact_type, functional_role, current_location, current_job_title, past_job_titles, current_industry, past_industries, tech_stack, compensation_expectations, current_company, past_companies, current_company_size, past_company_sizes, must_haves, schools, workplace_preferences, urgency_level, is_active_looking, motivation_factors, employment_status, visa_requirements, nurturing_info, created_at, updated_at, created_by, updated_by, level_of_connection, years_of_experience, engagement_score) VALUES ('5fe0bc94-fd52-46c9-b460-117154143c90', NULL, 'Deepak', 'asdasd', 'adgujjar211@gmail.com', 'deepak.patel@tudip.com', '9109059785', 'https://developers.google.com/linkedIn', 'https://developers.google.com/git', '{"value": "https://developers.google.com/social"}'::json, 'https://developers.google.com/resume', 'client', 'Test', '{"location": "India"}'::json, 'Software Developer', NULL, NULL, NULL, NULL, '5000'::json, 'XYZ Technologies', NULL, '51-200 employees', ARRAY['51-200 employees'], NULL, NULL, '{"value": "remote"}'::json, 'actively_open', FALSE, NULL, 'self_employed', 'true'::json, NULL, '2025-06-11T21:21:53.943176+00:00', '2025-06-11T21:21:53.943176+00:00', NULL, NULL, NULL, NULL, NULL);
INSERT INTO contacts (id, organization_id, first_name, last_name, personal_email, work_email, phone, linkedin_url, github_url, other_social_urls, resume_url, contact_type, functional_role, current_location, current_job_title, past_job_titles, current_industry, past_industries, tech_stack, compensation_expectations, current_company, past_companies, current_company_size, past_company_sizes, must_haves, schools, workplace_preferences, urgency_level, is_active_looking, motivation_factors, employment_status, visa_requirements, nurturing_info, created_at, updated_at, created_by, updated_by, level_of_connection, years_of_experience, engagement_score) VALUES ('70ff6d4d-9f11-4811-928b-d90e0b6b29c2', NULL, 'Deepak', 'Patel', 'asdasd@gmail.com', 'deepak.patel@tudip.com', '9109059785', NULL, NULL, NULL, NULL, NULL, '', '{"location": "India"}'::json, '', NULL, NULL, NULL, NULL, NULL, 'XYZ Technologies', NULL, '', NULL, NULL, NULL, NULL, NULL, FALSE, NULL, NULL, NULL, NULL, '2025-06-05T21:09:54.708107+00:00', '2025-06-05T21:09:54.708107+00:00', NULL, NULL, NULL, NULL, NULL);
INSERT INTO contacts (id, organization_id, first_name, last_name, personal_email, work_email, phone, linkedin_url, github_url, other_social_urls, resume_url, contact_type, functional_role, current_location, current_job_title, past_job_titles, current_industry, past_industries, tech_stack, compensation_expectations, current_company, past_companies, current_company_size, past_company_sizes, must_haves, schools, workplace_preferences, urgency_level, is_active_looking, motivation_factors, employment_status, visa_requirements, nurturing_info, created_at, updated_at, created_by, updated_by, level_of_connection, years_of_experience, engagement_score) VALUES ('ae530041-9097-43be-9dd5-84bdf6e50143', NULL, 'Test 3', 'Test', 'asdasd@gmail.com', 'deepak.patel@rrrr.com', '8788868698', NULL, NULL, NULL, NULL, NULL, '', '{"location": "India"}'::json, '', NULL, NULL, NULL, NULL, NULL, 'XYZ Technologies', NULL, '', NULL, NULL, NULL, NULL, NULL, FALSE, NULL, NULL, NULL, NULL, '2025-06-05T21:10:11.400357+00:00', '2025-06-05T21:10:11.400357+00:00', NULL, NULL, NULL, NULL, NULL);
INSERT INTO contacts (id, organization_id, first_name, last_name, personal_email, work_email, phone, linkedin_url, github_url, other_social_urls, resume_url, contact_type, functional_role, current_location, current_job_title, past_job_titles, current_industry, past_industries, tech_stack, compensation_expectations, current_company, past_companies, current_company_size, past_company_sizes, must_haves, schools, workplace_preferences, urgency_level, is_active_looking, motivation_factors, employment_status, visa_requirements, nurturing_info, created_at, updated_at, created_by, updated_by, level_of_connection, years_of_experience, engagement_score) VALUES ('5f708979-ab6e-4f5e-b005-855811f44c50', NULL, 'asdasdninja', 'Patel', 'asdasd@gmail.com', 'deepak.asdasd@tudip.com', '9109059785', NULL, NULL, NULL, NULL, NULL, '', '{"location": "India"}'::json, '', NULL, NULL, NULL, NULL, NULL, 'XYZ Technologies', NULL, '', NULL, NULL, NULL, NULL, NULL, FALSE, NULL, NULL, NULL, NULL, '2025-06-05T19:02:18.417129+00:00', '2025-06-05T21:43:45.650274+00:00', NULL, NULL, NULL, NULL, NULL);
INSERT INTO contacts (id, organization_id, first_name, last_name, personal_email, work_email, phone, linkedin_url, github_url, other_social_urls, resume_url, contact_type, functional_role, current_location, current_job_title, past_job_titles, current_industry, past_industries, tech_stack, compensation_expectations, current_company, past_companies, current_company_size, past_company_sizes, must_haves, schools, workplace_preferences, urgency_level, is_active_looking, motivation_factors, employment_status, visa_requirements, nurturing_info, created_at, updated_at, created_by, updated_by, level_of_connection, years_of_experience, engagement_score) VALUES ('ba123140-a8ee-48ce-a870-6ff8785569af', NULL, 'Testing', 'For RelationType', 'adgujjar211@qwd.com', 'deepak.patel@qwd.com', '9109059785', NULL, NULL, NULL, NULL, 'candidate', '', '{"location": "India"}'::json, 'Software Developer', NULL, NULL, NULL, NULL, NULL, 'XYZ Technologies', NULL, '25', NULL, NULL, NULL, NULL, NULL, FALSE, NULL, NULL, NULL, NULL, '2025-06-10T19:07:02.834334+00:00', '2025-06-10T19:07:02.834334+00:00', NULL, NULL, NULL, NULL, NULL);
INSERT INTO contacts (id, organization_id, first_name, last_name, personal_email, work_email, phone, linkedin_url, github_url, other_social_urls, resume_url, contact_type, functional_role, current_location, current_job_title, past_job_titles, current_industry, past_industries, tech_stack, compensation_expectations, current_company, past_companies, current_company_size, past_company_sizes, must_haves, schools, workplace_preferences, urgency_level, is_active_looking, motivation_factors, employment_status, visa_requirements, nurturing_info, created_at, updated_at, created_by, updated_by, level_of_connection, years_of_experience, engagement_score) VALUES ('71ce6be8-9451-4832-ba9a-489fc1a1833b', NULL, 'Deepak', 'Test2', 'dsewas@gmail.com', 'wef@rrrr.com', '9109059785', 'https://developers.google.com/linkedIn', 'https://developers.google.com/git', '{"value": "https://developers.google.com/social"}'::json, 'https://developers.google.com/resume', 'client', 'Test', '{"location": "India"}'::json, 'Software Developer', NULL, NULL, NULL, NULL, '4000'::json, 'XYZ Technologies', NULL, '["2-10 employees"]', ARRAY['2-10 employees'], NULL, NULL, '{"value": "remote"}'::json, 'actively_open', FALSE, NULL, 'self_employed', 'true'::json, NULL, '2025-06-11T21:15:17.470025+00:00', '2025-06-11T21:15:17.470025+00:00', NULL, NULL, NULL, NULL, NULL);
INSERT INTO contacts (id, organization_id, first_name, last_name, personal_email, work_email, phone, linkedin_url, github_url, other_social_urls, resume_url, contact_type, functional_role, current_location, current_job_title, past_job_titles, current_industry, past_industries, tech_stack, compensation_expectations, current_company, past_companies, current_company_size, past_company_sizes, must_haves, schools, workplace_preferences, urgency_level, is_active_looking, motivation_factors, employment_status, visa_requirements, nurturing_info, created_at, updated_at, created_by, updated_by, level_of_connection, years_of_experience, engagement_score) VALUES ('c949b125-252f-42b8-9ec5-6f7a6de106db', NULL, 'Deepak', 'Patel', 'awsd@gmail.com', 'deepak.aswdas@tudip.com', '9109059785', 'https://developers.google.com/linkedIn', 'https://developers.google.com/git', '{"value": "https://developers.google.com/social"}'::json, 'https://developers.google.com/resume', 'client', 'Test', '{"location": "India"}'::json, 'Software Developer', NULL, NULL, NULL, NULL, '4000'::json, 'XYZ Technologies', NULL, '501-1000', ARRAY['51-200'], NULL, NULL, '{"value": "remote"}'::json, 'actively_open', FALSE, NULL, 'on_leave', 'true'::json, NULL, '2025-06-12T08:31:09.669837+00:00', '2025-06-12T08:31:09.669837+00:00', 'd08afd15-4399-4f1c-8278-210b993543a5', NULL, NULL, NULL, NULL);
INSERT INTO contacts (id, organization_id, first_name, last_name, personal_email, work_email, phone, linkedin_url, github_url, other_social_urls, resume_url, contact_type, functional_role, current_location, current_job_title, past_job_titles, current_industry, past_industries, tech_stack, compensation_expectations, current_company, past_companies, current_company_size, past_company_sizes, must_haves, schools, workplace_preferences, urgency_level, is_active_looking, motivation_factors, employment_status, visa_requirements, nurturing_info, created_at, updated_at, created_by, updated_by, level_of_connection, years_of_experience, engagement_score) VALUES ('4f336745-acee-4a32-b6da-1fb39c64d6bf', NULL, 'mayur', 'mayur', 'ma@gmail.com', 'mnhbgvc@gmail.com', '1212121212', NULL, NULL, NULL, NULL, 'candidate', '', '{"location": "location"}'::json, '', NULL, NULL, NULL, NULL, '{"value": ""}'::json, 'kjhgfc', NULL, '501-1000', ARRAY['201-500'], NULL, NULL, '{"value": "remote"}'::json, 'passively_open', FALSE, NULL, 'student_full_time', 'true'::json, NULL, '2025-06-12T12:08:12.629256+00:00', '2025-06-12T12:08:12.629256+00:00', 'ce63839f-07f0-43db-b7e2-0c75de2bea20', NULL, NULL, NULL, NULL);
INSERT INTO contacts (id, organization_id, first_name, last_name, personal_email, work_email, phone, linkedin_url, github_url, other_social_urls, resume_url, contact_type, functional_role, current_location, current_job_title, past_job_titles, current_industry, past_industries, tech_stack, compensation_expectations, current_company, past_companies, current_company_size, past_company_sizes, must_haves, schools, workplace_preferences, urgency_level, is_active_looking, motivation_factors, employment_status, visa_requirements, nurturing_info, created_at, updated_at, created_by, updated_by, level_of_connection, years_of_experience, engagement_score) VALUES ('8fa6c528-48f0-4a32-a603-0efd0f025338', NULL, 'test1', 'mayur1', 'te1st@gmail.com', 'mnhbgwvc@gmail.com', '1212121212', NULL, NULL, NULL, NULL, 'candidate', '', '{"location": "location"}'::json, 'edf', NULL, NULL, NULL, NULL, '2345'::json, 'werfgfds', NULL, '501-1000', ARRAY['501-1000'], NULL, NULL, '{"value": "hybrid"}'::json, 'passively_open', FALSE, NULL, 'student_full_time', 'true'::json, NULL, '2025-06-12T16:39:33.204301+00:00', '2025-06-12T16:39:33.204301+00:00', 'ce63839f-07f0-43db-b7e2-0c75de2bea20', NULL, NULL, NULL, NULL);
INSERT INTO contacts (id, organization_id, first_name, last_name, personal_email, work_email, phone, linkedin_url, github_url, other_social_urls, resume_url, contact_type, functional_role, current_location, current_job_title, past_job_titles, current_industry, past_industries, tech_stack, compensation_expectations, current_company, past_companies, current_company_size, past_company_sizes, must_haves, schools, workplace_preferences, urgency_level, is_active_looking, motivation_factors, employment_status, visa_requirements, nurturing_info, created_at, updated_at, created_by, updated_by, level_of_connection, years_of_experience, engagement_score) VALUES ('792c8bdb-3adb-4c19-948d-12f9d29ba5ce', NULL, 'add', 'add', 'add@gmail.com', 'addadd@gmail.com', '1212121212', NULL, NULL, NULL, NULL, 'candidate', '', '{"location": "sdcv"}'::json, 'kjnb', NULL, NULL, NULL, NULL, '23'::json, 'kjh', NULL, '501-1000', ARRAY['11-50'], NULL, NULL, '{"value": "onsite"}'::json, 'passively_open', FALSE, NULL, 'self_employed', 'true'::json, NULL, '2025-06-17T19:27:23.866324+00:00', '2025-06-17T19:27:23.866324+00:00', 'ce63839f-07f0-43db-b7e2-0c75de2bea20', NULL, NULL, NULL, NULL);
INSERT INTO contacts (id, organization_id, first_name, last_name, personal_email, work_email, phone, linkedin_url, github_url, other_social_urls, resume_url, contact_type, functional_role, current_location, current_job_title, past_job_titles, current_industry, past_industries, tech_stack, compensation_expectations, current_company, past_companies, current_company_size, past_company_sizes, must_haves, schools, workplace_preferences, urgency_level, is_active_looking, motivation_factors, employment_status, visa_requirements, nurturing_info, created_at, updated_at, created_by, updated_by, level_of_connection, years_of_experience, engagement_score) VALUES ('b66a588c-98da-4561-951b-03e1fc4b3dac', NULL, 'both', 'both', 'both@gmail.com', 'zoro@gmail.com', '1212121212', NULL, NULL, NULL, NULL, 'both', '', '{"location": "india"}'::json, 'kjhgfdx', NULL, NULL, NULL, NULL, '23'::json, 'XYZ Technologies', NULL, '201-500', ARRAY['501-1000'], NULL, NULL, '{"value": "hybrid"}'::json, 'actively_open', FALSE, NULL, 'student_full_time', 'true'::json, NULL, '2025-06-18T06:31:25.007219+00:00', '2025-06-18T06:31:25.007219+00:00', 'ce63839f-07f0-43db-b7e2-0c75de2bea20', NULL, NULL, NULL, NULL);

-- Data for table events
TRUNCATE TABLE events CASCADE;
INSERT INTO events (id, contact_id, organization_id, type, created_at, updated_at, created_by) VALUES ('beb3b555-0723-4d5d-83da-473b6257598f', '70ff6d4d-9f11-4811-928b-d90e0b6b29c2', 'd8454fce-d4ed-4613-8f84-8079969a5e5b', 'funding-event', '2025-07-02T07:21:05.594+00:00', '2025-07-02T07:21:06.323946+00:00', 'ce63839f-07f0-43db-b7e2-0c75de2bea20');
INSERT INTO events (id, contact_id, organization_id, type, created_at, updated_at, created_by) VALUES ('4c0faa07-e9a8-4ec9-872a-b6e72d8d7490', 'f2db990d-7f3f-4277-bc35-3fc25a2893b8', 'd8454fce-d4ed-4613-8f84-8079969a5e5b', 'funding-event', '2025-07-02T07:21:57.66+00:00', '2025-07-02T07:21:58.388801+00:00', 'ce63839f-07f0-43db-b7e2-0c75de2bea20');
INSERT INTO events (id, contact_id, organization_id, type, created_at, updated_at, created_by) VALUES ('aeb3dd7d-e7d2-4094-9800-de6f79ea1948', 'b66a588c-98da-4561-951b-03e1fc4b3dac', '370eff06-7e37-46bb-8528-497ce44adc2b', 'layoff', '2025-07-02T20:16:59.198+00:00', '2025-07-02T20:16:59.441101+00:00', 'd08afd15-4399-4f1c-8278-210b993543a5');
INSERT INTO events (id, contact_id, organization_id, type, created_at, updated_at, created_by) VALUES ('5080baa5-5dcb-4601-b3b2-496aa50aa935', '3ed86469-fb23-45f0-a294-653e9bf8b19a', '317a2937-d91e-4012-b213-f8994706f426', 'layoff', '2025-07-02T20:27:45+00:00', '2025-07-02T20:27:45.910366+00:00', 'd08afd15-4399-4f1c-8278-210b993543a5');
INSERT INTO events (id, contact_id, organization_id, type, created_at, updated_at, created_by) VALUES ('181871c2-d014-4ec5-b8cb-fb5263ef2c3d', '70ff6d4d-9f11-4811-928b-d90e0b6b29c2', 'd5d0fcbc-0493-4c7a-a84d-b97096f2a19b', 'job-posting', '2025-07-03T19:16:46+00:00', '2025-07-03T19:16:46.844406+00:00', 'd08afd15-4399-4f1c-8278-210b993543a5');
INSERT INTO events (id, contact_id, organization_id, type, created_at, updated_at, created_by) VALUES ('953ae966-54dd-4734-90fe-c30cff929789', '02bd3f61-7417-4438-b4bf-96e2897acac4', '5ef08be5-b373-4222-bb75-a7e832a034c5', 'birthday', '2025-07-03T19:16:56+00:00', '2025-07-03T19:16:56.201965+00:00', 'd08afd15-4399-4f1c-8278-210b993543a5');
INSERT INTO events (id, contact_id, organization_id, type, created_at, updated_at, created_by) VALUES ('e372f94b-6221-42b5-93f9-70988b93e483', '5f708979-ab6e-4f5e-b005-855811f44c50', '0803a88e-5740-46c2-9a9d-58d2c5f15d71', 'birthday', '2025-07-03T19:17:02+00:00', '2025-07-03T19:17:02.898604+00:00', 'd08afd15-4399-4f1c-8278-210b993543a5');
INSERT INTO events (id, contact_id, organization_id, type, created_at, updated_at, created_by) VALUES ('5f134113-06de-4221-9cb0-64d0b9e2dcd4', 'b66a588c-98da-4561-951b-03e1fc4b3dac', '5ef08be5-b373-4222-bb75-a7e832a034c5', 'birthday', '2025-07-03T19:17:10+00:00', '2025-07-03T19:17:10.824804+00:00', 'd08afd15-4399-4f1c-8278-210b993543a5');
INSERT INTO events (id, contact_id, organization_id, type, created_at, updated_at, created_by) VALUES ('2dcab36d-5919-438e-af63-ff01ee15bf78', '02bd3f61-7417-4438-b4bf-96e2897acac4', '5ef08be5-b373-4222-bb75-a7e832a034c5', 'layoff', '2025-07-03T19:17:27+00:00', '2025-07-03T19:17:27.673095+00:00', 'd08afd15-4399-4f1c-8278-210b993543a5');
INSERT INTO events (id, contact_id, organization_id, type, created_at, updated_at, created_by) VALUES ('6b5ff7c4-9b5c-4cb5-bce8-f70b56441e8e', '5f708979-ab6e-4f5e-b005-855811f44c50', 'af5b847e-3588-46eb-897e-9ea07419b5bd', 'funding-event', '2025-07-03T19:17:35+00:00', '2025-07-03T19:17:36.073568+00:00', 'd08afd15-4399-4f1c-8278-210b993543a5');
INSERT INTO events (id, contact_id, organization_id, type, created_at, updated_at, created_by) VALUES ('ada09042-6d79-46c1-adbc-aeb4eff3c9ce', 'b61021e6-cfda-4ef1-8105-fdf46c6c25f6', 'af5b847e-3588-46eb-897e-9ea07419b5bd', 'birthday', '2025-07-03T19:17:57+00:00', '2025-07-03T19:17:57.574908+00:00', 'd08afd15-4399-4f1c-8278-210b993543a5');
INSERT INTO events (id, contact_id, organization_id, type, created_at, updated_at, created_by) VALUES ('3920293f-88e2-443b-8aa7-b7d1c940070f', 'b61021e6-cfda-4ef1-8105-fdf46c6c25f6', '5ef08be5-b373-4222-bb75-a7e832a034c5', 'birthday', '2025-07-03T19:22:06+00:00', '2025-07-03T19:22:06.708327+00:00', 'd08afd15-4399-4f1c-8278-210b993543a5');
INSERT INTO events (id, contact_id, organization_id, type, created_at, updated_at, created_by) VALUES ('d0b74619-c32f-4cbb-8889-825cbd44ad17', '42c9fa35-5719-4d0f-8fee-0630507930df', '0afbc14e-74ab-4e8f-b36f-0927174d9ca8', 'birthday', '2025-07-03T19:23:02+00:00', '2025-07-03T19:23:02.917067+00:00', 'd08afd15-4399-4f1c-8278-210b993543a5');
INSERT INTO events (id, contact_id, organization_id, type, created_at, updated_at, created_by) VALUES ('906ac8da-8c55-4b9e-a455-6cff11738d03', '42c9fa35-5719-4d0f-8fee-0630507930df', '0afbc14e-74ab-4e8f-b36f-0927174d9ca8', 'layoff', '2025-07-03T19:28:23+00:00', '2025-07-03T19:28:23.875866+00:00', 'd08afd15-4399-4f1c-8278-210b993543a5');
INSERT INTO events (id, contact_id, organization_id, type, created_at, updated_at, created_by) VALUES ('c217468a-5315-47f0-9e2f-6e93257ea754', '70ff6d4d-9f11-4811-928b-d90e0b6b29c2', '317a2937-d91e-4012-b213-f8994706f426', 'new-job', '2025-07-03T19:39:12+00:00', '2025-07-03T19:39:13.159177+00:00', 'd08afd15-4399-4f1c-8278-210b993543a5');
INSERT INTO events (id, contact_id, organization_id, type, created_at, updated_at, created_by) VALUES ('3a23ff3a-b635-44cb-afa6-853570828f2b', 'b66a588c-98da-4561-951b-03e1fc4b3dac', '3fff3cab-6fc5-43f3-ad84-c4c2159e23cc', 'funding-event', '2025-07-03T19:40:50+00:00', '2025-07-03T19:40:51.177349+00:00', 'd08afd15-4399-4f1c-8278-210b993543a5');
INSERT INTO events (id, contact_id, organization_id, type, created_at, updated_at, created_by) VALUES ('a93a457f-d7ef-4cae-8c21-5b035a03a536', '243ef434-50ac-4417-b8c5-c37fdf2d0610', '0afbc14e-74ab-4e8f-b36f-0927174d9ca8', 'job-posting', '2025-07-03T19:41:18+00:00', '2025-07-03T19:41:18.453101+00:00', 'd08afd15-4399-4f1c-8278-210b993543a5');
INSERT INTO events (id, contact_id, organization_id, type, created_at, updated_at, created_by) VALUES ('b6d38fa1-a907-4eed-aba7-75a3c103b93e', '5b8cf40d-7d45-46e1-a47d-4acb93d5bcbb', '0ff27091-0856-4fc6-a495-298fc925078b', 'job-posting', '2025-07-03T19:46:17+00:00', '2025-07-03T19:46:17.378811+00:00', 'd08afd15-4399-4f1c-8278-210b993543a5');
INSERT INTO events (id, contact_id, organization_id, type, created_at, updated_at, created_by) VALUES ('70a483ac-ccd5-4482-bc16-6a1ae1d1030c', '1ee7b3be-a4c5-49a8-9c22-4dc49692f90a', 'd914f9c5-77fb-43dc-8e9b-dbbae7b1703d', 'layoff', '2025-07-03T19:46:33+00:00', '2025-07-03T19:46:33.563373+00:00', 'd08afd15-4399-4f1c-8278-210b993543a5');
INSERT INTO events (id, contact_id, organization_id, type, created_at, updated_at, created_by) VALUES ('7737e23f-49b7-4721-b89c-f8b9048bf92b', '792c8bdb-3adb-4c19-948d-12f9d29ba5ce', '0a2b0498-0e2f-473b-a4a2-286813c6088e', 'birthday', '2025-07-03T20:19:39+00:00', '2025-07-03T20:19:39.727402+00:00', 'd08afd15-4399-4f1c-8278-210b993543a5');

-- Data for table activities
TRUNCATE TABLE activities CASCADE;
INSERT INTO activities (id, contact_id, organization_id, type, description, metadata, created_at, created_by, priority, status, due_date, assigned_to, job_posting_id, event_id, subject, content) VALUES ('caa182bd-0dad-434f-8adf-b383e5b0359d', 'ae530041-9097-43be-9dd5-84bdf6e50143', '0afbc14e-74ab-4e8f-b36f-0927174d9ca8', 'none', 'wertgh', NULL, '2025-06-21T17:42:41.835273+00:00', 'ce63839f-07f0-43db-b7e2-0c75de2bea20', NULL, 'todo', NULL, NULL, NULL, NULL, NULL, NULL);
INSERT INTO activities (id, contact_id, organization_id, type, description, metadata, created_at, created_by, priority, status, due_date, assigned_to, job_posting_id, event_id, subject, content) VALUES ('e334acd1-c2a5-4061-a119-cd6e156c2cd4', '6bc8ecfc-99dd-4314-b9f4-6f3bf6becd12', '0afbc14e-74ab-4e8f-b36f-0927174d9ca8', 'video', 'sfdgh', NULL, '2025-06-24T19:43:14.445+00:00', 'ce63839f-07f0-43db-b7e2-0c75de2bea20', 2, 'todo', '2025-06-27', 'a6cb0b2d-af81-4f5f-aba8-5ed50c03e122', NULL, NULL, 'sdfg', 'sdfg');
INSERT INTO activities (id, contact_id, organization_id, type, description, metadata, created_at, created_by, priority, status, due_date, assigned_to, job_posting_id, event_id, subject, content) VALUES ('673f0b07-7a2a-4af0-9ba7-f5c0a8bd8362', '792c8bdb-3adb-4c19-948d-12f9d29ba5ce', '2aa2e164-9310-4e85-94b3-17bd68647ab0', 'text', 'test', NULL, '2025-06-24T07:54:45.682+00:00', 'ce63839f-07f0-43db-b7e2-0c75de2bea20', 2, 'todo', '2025-07-09', 'ce63839f-07f0-43db-b7e2-0c75de2bea20', NULL, NULL, 'test', 'test');
INSERT INTO activities (id, contact_id, organization_id, type, description, metadata, created_at, created_by, priority, status, due_date, assigned_to, job_posting_id, event_id, subject, content) VALUES ('f77f43d9-8851-41ef-a55b-35aaecdefcea', NULL, NULL, 'none', 'Initial phone screening with candidate', '{"stage":"screening","duration":"30 minutes"}'::json, '2025-06-20T19:43:05.338363+00:00', NULL, NULL, 'todo', NULL, NULL, NULL, NULL, NULL, NULL);
INSERT INTO activities (id, contact_id, organization_id, type, description, metadata, created_at, created_by, priority, status, due_date, assigned_to, job_posting_id, event_id, subject, content) VALUES ('6458b45d-8615-4cd5-ac1e-6fa7d8ef5e0c', NULL, NULL, 'none', 'Initial phone screening with candidate', '{"stage":"screening","duration":"30 minutes"}'::json, '2025-06-20T19:43:05.33801+00:00', NULL, NULL, 'todo', NULL, NULL, NULL, NULL, NULL, NULL);
INSERT INTO activities (id, contact_id, organization_id, type, description, metadata, created_at, created_by, priority, status, due_date, assigned_to, job_posting_id, event_id, subject, content) VALUES ('6fbb9629-254c-465f-8194-d0e6528146aa', '9608b6f0-165a-46af-af2e-088afc4c8761', '317a2937-d91e-4012-b213-f8994706f426', 'none', 'jhgfc', '{"notes":"nhv","status":"pending","subject":"test","priority":"medium","scheduled_date":"2025-06-11T19:23","duration_minutes":93}'::json, '2025-06-21T13:58:02.241426+00:00', 'ce63839f-07f0-43db-b7e2-0c75de2bea20', NULL, 'in-progress', NULL, NULL, NULL, NULL, NULL, NULL);
INSERT INTO activities (id, contact_id, organization_id, type, description, metadata, created_at, created_by, priority, status, due_date, assigned_to, job_posting_id, event_id, subject, content) VALUES ('0ae4218a-0d50-41e5-8b15-046efaec6004', '243ef434-50ac-4417-b8c5-c37fdf2d0610', '0afbc14e-74ab-4e8f-b36f-0927174d9ca8', 'none', 'jhg', '{"notes":"nhb","status":"pending","subject":"jhgf","priority":"high","scheduled_date":"2025-06-28T19:31","duration_minutes":7}'::json, '2025-06-21T14:01:15.806067+00:00', 'ce63839f-07f0-43db-b7e2-0c75de2bea20', NULL, 'in-progress', NULL, NULL, NULL, NULL, NULL, NULL);
INSERT INTO activities (id, contact_id, organization_id, type, description, metadata, created_at, created_by, priority, status, due_date, assigned_to, job_posting_id, event_id, subject, content) VALUES ('18137faa-d393-41e8-99c2-daa8d6b719b4', '42c9fa35-5719-4d0f-8fee-0630507930df', '2aa2e164-9310-4e85-94b3-17bd68647ab0', 'none', 'mjhgvc', NULL, '2025-06-21T17:18:11.05153+00:00', 'ce63839f-07f0-43db-b7e2-0c75de2bea20', NULL, 'in-progress', NULL, NULL, NULL, NULL, NULL, NULL);
INSERT INTO activities (id, contact_id, organization_id, type, description, metadata, created_at, created_by, priority, status, due_date, assigned_to, job_posting_id, event_id, subject, content) VALUES ('80e527e6-be55-4bce-9ca7-ac8388af3e0e', '42c9fa35-5719-4d0f-8fee-0630507930df', '0afbc14e-74ab-4e8f-b36f-0927174d9ca8', 'none', 'jhg', NULL, '2025-06-21T17:20:20.839107+00:00', 'ce63839f-07f0-43db-b7e2-0c75de2bea20', NULL, 'todo', NULL, NULL, NULL, NULL, NULL, NULL);
INSERT INTO activities (id, contact_id, organization_id, type, description, metadata, created_at, created_by, priority, status, due_date, assigned_to, job_posting_id, event_id, subject, content) VALUES ('1babef5a-cff3-4ca3-92c7-8e125901dec6', 'f2db990d-7f3f-4277-bc35-3fc25a2893b8', '52ee052b-1308-428f-b7f8-8f4eb046312d', 'email', 'test', NULL, '2025-06-24T18:12:40.719+00:00', 'ce63839f-07f0-43db-b7e2-0c75de2bea20', 3, 'done', '2025-07-18', '10c563b3-023a-4cd3-870b-ef412b1e610e', NULL, NULL, 'test', 'test');
INSERT INTO activities (id, contact_id, organization_id, type, description, metadata, created_at, created_by, priority, status, due_date, assigned_to, job_posting_id, event_id, subject, content) VALUES ('1c037b7f-d3bd-46f4-89a7-120f2c790259', '91aa0d07-9ef3-4290-a0f9-e475fdd330fd', '0afbc14e-74ab-4e8f-b36f-0927174d9ca8', 'video', 'kuytredsftyuiuytfrd', NULL, '2025-06-25T06:30:07.321+00:00', 'ce63839f-07f0-43db-b7e2-0c75de2bea20', 3, 'todo', '2025-07-09', '10c563b3-023a-4cd3-870b-ef412b1e610e', NULL, NULL, 'test', 'iuytrftyui9uytr');
INSERT INTO activities (id, contact_id, organization_id, type, description, metadata, created_at, created_by, priority, status, due_date, assigned_to, job_posting_id, event_id, subject, content) VALUES ('4a3eb7d9-7884-46ec-a1c8-2e918522498d', '792c8bdb-3adb-4c19-948d-12f9d29ba5ce', '0a2b0498-0e2f-473b-a4a2-286813c6088e', 'email', 'This is the test desc', NULL, '2025-06-30T19:07:47.398+00:00', 'd08afd15-4399-4f1c-8278-210b993543a5', 1, 'todo', '2025-07-01', 'd08afd15-4399-4f1c-8278-210b993543a5', NULL, NULL, 'adsasd', 'this is');
INSERT INTO activities (id, contact_id, organization_id, type, description, metadata, created_at, created_by, priority, status, due_date, assigned_to, job_posting_id, event_id, subject, content) VALUES ('cbc3fb32-c7b0-4dc8-9b85-3adb8ee85785', '02bd3f61-7417-4438-b4bf-96e2897acac4', NULL, 'call', 'Johns task', NULL, '2025-07-03T16:52:04.654+00:00', '0ad67db3-e8d3-486b-a086-a085e063bebd', 3, 'in-progress', '2025-07-18', '2e51f821-57c9-4fba-a0b0-196e25355da6', NULL, '4c0faa07-e9a8-4ec9-872a-b6e72d8d7490', NULL, NULL);
INSERT INTO activities (id, contact_id, organization_id, type, description, metadata, created_at, created_by, priority, status, due_date, assigned_to, job_posting_id, event_id, subject, content) VALUES ('e5f74593-019b-4e8a-b690-6f56809c7cb3', '6bc8ecfc-99dd-4314-b9f4-6f3bf6becd12', '0afbc14e-74ab-4e8f-b36f-0927174d9ca8', 'call', 'jh', NULL, '2025-06-30T18:41:25.426+00:00', 'ce63839f-07f0-43db-b7e2-0c75de2bea20', 2, 'done', '2025-07-26', '0ad67db3-e8d3-486b-a086-a085e063bebd', NULL, NULL, 'jhg', NULL);

-- Re-enable foreign key constraints
SET session_replication_role = default;
